60005,Access RD
60005,Adams ST
60005,Addison CT
60005,Albion LN
60005,Algonquin PKWY
60005,Allen LN
60005,Alton on Auburn
60005,Ambleside RD
60005,Apollo DR
60005,Apple CT
60005,Applejack RD
60005,Apricot CT
60005,Arbor CT
60005,Arbor DR
60005,Arbor Square
60005,Arthur AVE
60005,Asbury ST
60005,Ash DR
60005,Ashland AVE
60005,Ashley CT
60005,Astor LN
60005,Attleboro on Auburn
60005,Auburn DR
60005,Auburn ST
60005,Audrey CT
60005,Azalea CT
60005,Balmoral CT
60005,Barker AVE
60005,Bayberry CT
60005,Beau CT
60005,Beau DR
60005,Beechwood DR
60005,Bel Aire DR
60005,Bel Aire LN
60005,Belmont CT
60005,Bennett LN
60005,Bennett RD
60005,Bethel on Asbury
60005,Birch DR
60005,Birch LN
60005,Birch PL
60005,Black Twig RD
60005,Blue Jay CT
60005,Bluebird LN
60005,Bob O Link RD
60005,Bob White CT
60005,Bobolink LN
60005,Bobwhite LN
60005,Bond ST
60005,Bonnie LN
60005,Briarwood DR East
60005,Briarwood DR South
60005,Briarwood DR West
60005,Briarwood LN
60005,Bridgeton on Asbury
60005,Brighton PL
60005,Brook DR
60005,Brookdale CT
60005,Brookdale LN
60005,Brookmeade DR
60005,Brookton on Auburn
60005,Brookwood Way DR
60005,Brown ST
60005,Brynhaven CT
60005,Brynhaven ST
60005,Bunting LN
60005,Burning Tree RD
60005,Busse Forest Trails Northwest Point Spur
60005,Busse Forest Trails Oakton Spur
60005,Busse Forest Trails Red Paved
60005,Busse Park Path
60005,Butternut LN
60005,Byron CT
60005,CIR CT
60005,CIR DR
60005,CIR LN
60005,Calchester on Auburn
60005,California AVE
60005,Calvert DR
60005,Campbell ST
60005,Cardinal DR
60005,Carlyle CT
60005,Carlyle LN
60005,Carlyle PL
60005,Carr ST
60005,Carriageway DR
60005,Carroll Square
60005,Catalpa LN
60005,Cavan LN
60005,Cedar Glen DR
60005,Cedar ST
60005,Center LN
60005,Central RD
60005,Charolette RD
60005,Chateau DR
60005,Chatham PL
60005,Chelsea on Auburn
60005,Chestnut DR
60005,Chichester on Asbury
60005,Christina CT
60005,Clarendon CT
60005,Clove CT
60005,Cole CT
60005,Colleen CT
60005,College DR
60005,Commuter DR
60005,Comstock on Asbury
60005,Connie LN
60005,Cottonwood LN
60005,Courtland DR
60005,Craig CT
60005,Crane CT
60005,Creekside DR
60005,Crest AVE
60005,Crestwood DR
60005,Crestwood LN
60005,Criss CIR
60005,Crossen AVE
60005,Crystal LN
60005,Cyndi CT
60005,Cypress DR
60005,Dale AVE
60005,Dawngate CT
60005,Dawngate LN
60005,Dawson DR
60005,Dearborn CT
60005,Debra CT
60005,Debra DR
60005,Derbyshire AVE
60005,Dogwood RD
60005,Donegal LN
60005,Dorothy AVE
60005,Dove CT
60005,Dove ST
60005,Drummer DR
60005,Dulles RD
60005,Eagle LN
60005,East Addison CT
60005,East Algonquin RD
60005,East Baronet LN
60005,East Berkshire LN
60005,East Brandenberry CT
60005,East Brett CT
60005,East Brookdale LN
60005,East Brookdale LN South
60005,East Busse AVE
60005,East CIR DR
60005,East Campbell ST
60005,East Cedar ST
60005,East Central RD
60005,East Charles ST
60005,East Clarendon AVE
60005,East Clarendon ST
60005,East Council Trail
60005,East Crescent DR
60005,East Cypress ST
60005,East DR
60005,East Davis ST
60005,East Eastman CT
60005,East Eastman ST
60005,East Emerson ST
60005,East Euclid AVE
60005,East Evergreen AVE
60005,East Fairview ST
60005,East Falcon DR
60005,East Forest LN
60005,East Foster ST
60005,East Frederick ST
60005,East Fremont CT
60005,East Fremont ST
60005,East Frontage RD
60005,East Garwood AVE
60005,East George ST
60005,East Golf RD
60005,East Golf TER
60005,East Gregory ST
60005,East Grove ST
60005,East Hamlin LN
60005,East Haven ST
60005,East Hawthorne ST
60005,East Henry ST
60005,East Hiawatha Trail
60005,East Higgins RD
60005,East Highland ST
60005,East Hill ST
60005,East Independence CT
60005,East Isabella ST
60005,East Judith Ann DR
60005,East Jules ST
60005,East Kensington RD
60005,East Kimber LN
60005,East Kingfisher LN
60005,East Lincoln RD
60005,East Lincoln ST
60005,East Lonnquist BLVD
60005,East Lynden LN
60005,East Lynnwood AVE
60005,East Magnolia ST
60005,East Maple ST
60005,East Marion ST
60005,East Marshall ST
60005,East Maude AVE
60005,East Mayfair RD
60005,East McConnor PKWY
60005,East McKone CT
60005,East Memory LN
60005,East Milburn AVE
60005,East Miner ST
60005,East Moehling DR
60005,East Northwest HWY
60005,East Noyes ST
60005,East Oaksbury LN
60005,East Oakton ST
60005,East Old Barn LN
60005,East Olive ST
60005,East Orchard ST
60005,East Park ST
60005,East Parkview CT
60005,East Payton Run
60005,East Pennsylvania CT
60005,East Pickwick RD
60005,East Prospect AVE
60005,East Rand RD
60005,East Rockwell ST
60005,East Ryan CT
60005,East ST James ST
60005,East Saint James ST
60005,East Seegers RD
60005,East Sha Bonee Trail
60005,East Shady Way
60005,East Sigwalt ST
60005,East South ST
60005,East Sunset RD
60005,East Sunset TER
60005,East Talbot ST
60005,East Thayer ST
60005,East Thomas ST
60005,East Viator CT
60005,East White Oak ST
60005,East Willow ST
60005,East Windgate CT
60005,East Wing ST
60005,East Woodfield RD
60005,East Woodford PL
60005,Eastman ST
60005,Eastwood AVE
60005,Elayne CT
60005,Eleanore CT
60005,Elizabeth PL
60005,Elkgrove Township DR
60005,Elm CT
60005,Elmwood CT
60005,Emergency DR
60005,Emerson AVE
60005,Emerson CT
60005,Essex Way
60005,Euclid AVE
60005,Evanston AVE
60005,Evergreen CIR
60005,Evergreen ST
60005,Fairfax AVE
60005,Falcon CT North
60005,Falcon CT South
60005,Falcon CT West
60005,Fieldstone RD
60005,Finch CT
60005,Flicker LN
60005,Forest AVE
60005,Forest Cove DR
60005,Forest LN
60005,Forrest AVE
60005,Foxcroft on Auburn
60005,Frediani CT
60005,Fremont ST
60005,French Way
60005,Frontage RD
60005,Frost DR
60005,Fulle ST
60005,Gail CT South
60005,Garden ST
60005,Garden Walk
60005,Garlisch DR
60005,Gaylord ST
60005,George CT
60005,George ST
60005,Geranium Way
60005,Glenn LN
60005,Golf PL
60005,Golf RD
60005,Gordon ST
60005,Gould DR
60005,Green Acres LN
60005,Gregory ST
60005,Grindel DR
60005,Grouse CT
60005,Grouse LN
60005,Grove DR
60005,Grove ST
60005,Gull CT
60005,Gullo AVE
60005,Guy Dituri DR
60005,Hampton on Auburn
60005,Hannah CT
60005,Hatlen CT
60005,Haverhill on Auburn
60005,Hawk CT
60005,Hawk LN
60005,Hawthorne CIR
60005,Hawthorne LN
60005,Hemlock PL
60005,Heron CT
60005,Hickory DR
60005,Hicks RD
60005,Highland AVE
60005,Holliston on Asbury
60005,Holly LN
60005,Holyoke on Auburn
60005,Hunt Club DR
60005,Huntington Commons RD
60005,Ida CT
60005,Innovation DR
60005,Iris AVE
60005,Ironwood DR
60005,James DR
60005,Jane Addams Memorial Tollway
60005,Jay LN
60005,Jennifer CT
60005,Jody CT
60005,Joey DR
60005,Jon CT
60005,Juniper RD
60005,Kaspar AVE
60005,Kasper AVE
60005,Kelly ST
60005,Kenilworth DR
60005,Kenneth DR
60005,Kennicott AVE
60005,Kennicott PL
60005,Kensington RD Bike Path
60005,Kent AVE
60005,Keystone CT
60005,Killarney CT
60005,Kimball Hill DR
60005,Kimberly AVE
60005,King ST
60005,Kingfisher CT
60005,Kingfisher LN
60005,Kirchoff RD
60005,Kittery on Auburn
60005,Knights Bridge DR
60005,Knoll Ridge RD
60005,Knollwood CT
60005,Lancaster AVE
60005,Lance DR
60005,Lark CT
60005,Larkdale LN
60005,Lavender CT
60005,Lee ST
60005,Lexington LN
60005,Library RD
60005,Lillian LN
60005,Lincoln CT
60005,Lindale ST
60005,Linden LN
60005,Linden RD North
60005,Linden RD South
60005,Linneman RD
60005,Lively BLVD
60005,Loading Dock
60005,Locust PL
60005,Lois CT
60005,Lois DR
60005,Long Acres LN
60005,Longtree DR
60005,Mac Arthur DR
60005,Magnola LN
60005,Magnolia DR
60005,Mallard CT
60005,Malmo DR
60005,Manomet on Auburn
60005,Maple CT
60005,Maple LN
60005,Maple PL
60005,Martin CT
60005,Martin LN
60005,Mayfair RD
60005,Mayflower CT
60005,Mc Kone CT
60005,Meadow DR
60005,Meadow LN
60005,Meadowbrook CT
60005,Meadowbrook Industrial CT
60005,Meier RD
60005,Meijer DR
60005,Memory LN
60005,Middle RD
60005,Midway CT
60005,Millers LN
60005,Mitchell CT
60005,Montgomery ST
60005,Mueller ST
60005,Na Wa Ta AVE
60005,New Wilke RD
60005,Newport DR
60005,Norman CT
60005,North Arlington Heights RD
60005,North Arthur AVE
60005,North Belmont AVE
60005,North Belmont CT
60005,North Beverly LN
60005,North Bridgeport DR
60005,North Brighton PL
60005,North Brookdale LN
60005,North CIR DR
60005,North Carlyle LN
60005,North Carlyle PL
60005,North Cathy LN
60005,North Chestnut AVE
60005,North Chicago AVE
60005,North DR
60005,North Derbyshire AVE
60005,North Derbyshire DR
60005,North Donald AVE
60005,North Douglas AVE
60005,North Douglas CT
60005,North Drury LN
60005,North Dryden AVE
60005,North Dryden PL
60005,North Dunton AVE
60005,North Dwyer AVE
60005,North Elm ST
60005,North Elmhurst AVE
60005,North Elmhurst RD
60005,North Elmwood LN
60005,North Emerson ST
60005,North Evanston AVE
60005,North Evergreen AVE
60005,North Fairview AVE
60005,North Fernandez AVE
60005,North Fernandez PL
60005,North Forest AVE
60005,North Forrest AVE
60005,North Gibbons AVE
60005,North Haddow AVE
60005,North Harvard AVE
60005,North Hickory AVE
60005,North Highland AVE
60005,North Illinois AVE
60005,North Kaspar AVE
60005,North Kendal CT
60005,North Kenilworth AVE
60005,North Kennicott AVE
60005,North Lancaster ST
60005,North Lincoln LN
60005,North Lively BLVD
60005,North Louis ST
60005,North Luther LN
60005,North Main ST
60005,North Maple CT
60005,North Maple ST
60005,North Martingale RD
60005,North Meacham RD
60005,North Meadow LN
60005,North Mitchell AVE
60005,North Oak AVE
60005,North Owen ST
60005,North Patton AVE
60005,North Phelps AVE
60005,North Pine AVE
60005,North Pine ST
60005,North Princeton AVE
60005,North Prindle AVE
60005,North Prospect Manor AVE
60005,North Race AVE
60005,North Rammer AVE
60005,North Regency DR East
60005,North Regency DR West
60005,North Reuter AVE
60005,North Ridge AVE
60005,North Roosevelt BLVD
60005,North Salem AVE
60005,North Salem BLVD
60005,North School ST
60005,North Somerset LN
60005,North Stratford RD
60005,North Vail AVE
60005,North Village DR
60005,North Walnut AVE
60005,North Waterman AVE
60005,North Waverly PL
60005,North Wedgewood LN
60005,North Wilke RD
60005,North Wille ST
60005,North William ST
60005,North Wilshire LN
60005,North Windsor DR
60005,North Yale AVE
60005,Northampton DR
60005,Northwest Point RD
60005,Nutmeg CT
60005,Oak Creek RD
60005,Oak LN
60005,Oaksberry CT
60005,Oaksbury LN
60005,Oakton ST
60005,Oakwood CT
60005,Oakwood DR
60005,Old Hickory RD
60005,Old Saybrook
60005,Old Valley RD
60005,Olive ST
60005,Orange CT
60005,Orchard DR
60005,Oriole LN
60005,Owl DR
60005,Owl LN
60005,Pagni DR
60005,Palm DR
60005,Park CT
60005,Park DR
60005,Park PL
60005,Park ST
60005,Pauly DR
60005,Peacock CT
60005,Peacock LN
60005,Peartree LN
60005,Pepperell on Asbury
60005,Perimeter DR
60005,Persimmon LN
60005,Pheasant DR
60005,Pheasant Trail
60005,Pickwick CT
60005,Pine Valley RD
60005,Piper CT
60005,Plaza DR
60005,Plum CT
60005,Plum Grove DR
60005,Pocasset on Asbury ST
60005,Poplar PL
60005,Post Oak PL
60005,Prairie Square
60005,Prairie Wind LN
60005,Quail CT
60005,Quail LN
60005,Queens CT
60005,Ramp to Underground Police Parking
60005,Randall ST
60005,Raven LN
60005,Red Haw RD
60005,Redbud RD
60005,Redwing CT
60005,Redwood DR
60005,Regency CT East
60005,Regency CT West
60005,Richnee LN
60005,Ridge AVE
60005,Ridge CT
60005,Ridgewood RD
60005,Ring RD
60005,Rob RD
60005,Robert DR
60005,Robin LN
60005,Rohlwing RD
60005,Rolling LN
60005,Roosevelt BLVD
60005,Rosewood RD
60005,Royal CT
60005,Rumford on Asbury
60005,Russel ST
60005,Rywick DR
60005,ST Colette RD
60005,ST. Peter Cross-Country Course and Exer-Trail
60005,Sable LN
60005,Saint James ST
60005,Saint Viator Driveway
60005,Saint Viator Footpath
60005,Sandy LN
60005,Scarsdale CT
60005,Schoenbeck RD
60005,School DR
60005,Scott ST
60005,Scottsvale LN
60005,Seegers AVE
60005,Semar CT
60005,Shady CT
60005,Shady DR
60005,Shadywood LN
60005,Shagbark RD
60005,Shannon CT
60005,Sidewalk around a fountain
60005,Sigwalt CT
60005,Sigwalt ST
60005,Sir Lancelot LN
60005,Sivic ST
60005,Sky Water DR
60005,Somerset CT
60005,Songsparrow CT
60005,South Anna Marie DR
60005,South Arlington Heights RD
60005,South Arthur AVE
60005,South Audrey LN
60005,South Banbury RD
60005,South Belmont AVE
60005,South Beverly LN
60005,South Bobby LN
60005,South Brighton PL
60005,South Bristol LN
60005,South Brookdale LN
60005,South Brownstone CT
60005,South Burton PL
60005,South Busse RD
60005,South CIR DR
60005,South CIR LN
60005,South CT
60005,South Can-Dota AVE
60005,South Canford Cliffs DR
60005,South Carol LN
60005,South Cathy LN
60005,South Cedar Glen DR
60005,South Cherrywood DR
60005,South Chesterfield DR
60005,South Chestnut AVE
60005,South Chris LN
60005,South Church RD
60005,South Clearbrook DR
60005,South Cleveland AVE
60005,South Consumers AVE
60005,South Country LN
60005,South Crestwood LN
60005,South Crown CT
60005,South DR
60005,South Dale AVE
60005,South Deborah LN
60005,South Derbyshire AVE
60005,South Donald AVE
60005,South Douglas AVE
60005,South Drury LN
60005,South Dryden PL
60005,South Dunton AVE
60005,South Dwyer AVE
60005,South Edgewood LN
60005,South Elm ST
60005,South Elmhurst AVE
60005,South Elmhurst RD
60005,South Elmwood LN
60005,South Embers LN
60005,South Emerson ST
60005,South Evanston AVE
60005,South Evergreen AVE
60005,South Fern DR
60005,South Fernandez AVE
60005,South Fernandez CT
60005,South Forrest AVE
60005,South Gibbons AVE
60005,South Glendale LN
60005,South Goebbert RD
60005,South Grace DR
60005,South Haddow AVE
60005,South Harvard AVE
60005,South Hatlen AVE
60005,South Hazel Hill DR
60005,South Helena AVE
60005,South Hi Lusi AVE
60005,South Hiawatha CT
60005,South Hickory AVE
60005,South Highland AVE
60005,South I Oka AVE
60005,South Illinois DR
60005,South Jewel CT
60005,South Kaspar AVE
60005,South Kenilworth AVE
60005,South Kennicott AVE
60005,South Lancaster ST
60005,South Lancelot LN
60005,South Lavergne DR
60005,South Leonard LN
60005,South Lincoln LN
60005,South Linneman RD
60005,South Louis ST
60005,South Lynn CT
60005,South Main ST
60005,South Mallard LN
60005,South Maple ST
60005,South McKinley AVE
60005,South Meier RD
60005,South Michael ST
60005,South Milbrook LN
60005,South Mitchell AVE
60005,South Moorings DR
60005,South Morris Hill DR
60005,South Na Wa Ta AVE
60005,South New Wilke RD
60005,South Newbury PL
60005,South Noah TER
60005,South Oakwood DR
60005,South Ojibwa Trail
60005,South Owen ST
60005,South Patton AVE
60005,South Patton CIR
60005,South Phelps AVE
60005,South Phillip DR
60005,South Pine AVE
60005,South Pine ST
60005,South Prairie AVE
60005,South Princeton AVE
60005,South Princeton CT
60005,South Prindle AVE
60005,South Quail Walk
60005,South Rammer AVE
60005,South Ravinia CIR
60005,South Redwood AVE
60005,South Regency DR East
60005,South Reuter DR
60005,South Ridge AVE
60005,South Ridge DR
60005,South Robert DR
60005,South Roosevelt AVE
60005,South ST
60005,South Saint Ceclia DR
60005,South Salem AVE
60005,South Salem LN
60005,South School ST
60005,South See-Gwun AVE
60005,South Shagbark Trail
60005,South Sir Galahad LN
60005,South Sprucewood DR
60005,South Stratford RD
60005,South Surrey LN
60005,South Surrey Ridge DR
60005,South Tamarack DR
60005,South Tonne DR
60005,South Tower DR
60005,South Tower LN
60005,South Vail AVE
60005,South Valor CT
60005,South Wa Pella AVE
60005,South Walnut AVE
60005,South Warren AVE
60005,South Waterman AVE
60005,South Waverly AVE
60005,South Waverly PL
60005,South We Go Trail
60005,South Wellers LN
60005,South Wilke RD
60005,South Wille ST
60005,South William ST
60005,South Williams AVE
60005,South Wilshire LN
60005,South Windsor DR
60005,South Yale AVE
60005,Southampton DR
60005,Spruce CT
60005,Squibb AVE
60005,Stanley ST
60005,Starling LN
60005,Stirling LN
60005,Stonegate Manor
60005,Stoneridge RD
60005,Stork CT
60005,Stratford PL
60005,Sunset TER
60005,Susan DR
60005,Swallow LN
60005,Swan LN
60005,Sycamore LN
60005,Sycamore PL
60005,Tall Oaks LN
60005,Tall Trees LN
60005,Tamarack DR
60005,Tanglewood DR
60005,Teaberry CT
60005,Teal CT
60005,Teonia Woods RD
60005,Tern CT
60005,Theda LN
60005,Thomas Moore TER
60005,Thoreau DR North
60005,Thorntree LN
60005,Thrush CT
60005,Thrush LN
60005,Tinder DR
60005,Tollview DR
60005,Tonne RD
60005,Town Square DR
60005,University DR
60005,Upton on Asbury
60005,Verde CT
60005,Village DR
60005,Vine ST
60005,Walden Office Square
60005,Wall ST
60005,Walnut CT
60005,Walnut ST
60005,Walter Payton DR
60005,Waxwing CT
60005,Weber DR
60005,Wellington CT
60005,West Algonquin RD
60005,West Allison CT
60005,West Blackhawk DR
60005,West Bonita AVE
60005,West Bray CT
60005,West Burgoyne RD
60005,West Busse AVE
60005,West Butternut LN
60005,West Camp McDonald RD
60005,West Campbell CT
60005,West Campbell ST
60005,West Cathy LN
60005,West Catino ST
60005,West Cedar LN
60005,West Cedar ST
60005,West Central RD
60005,West Chariot CT
60005,West Clarendon RD
60005,West Clarendon ST
60005,West Cleven AVE
60005,West Cottonwood LN
60005,West Coventry PL
60005,West Cypress DR
60005,West Cypress Drrive
60005,West Cypress ST
60005,West DR
60005,West Davis ST
60005,West Dempster ST
60005,West Dennis DR
60005,West Dresser DR
60005,West Eastman ST
60005,West Elm ST
60005,West Emerson ST
60005,West Estates DR
60005,West Euclid AVE
60005,West Eva LN
60005,West Evergreen AVE
60005,West Fairview ST
60005,West Francis DR
60005,West Fremont ST
60005,West Frontage RD
60005,West George ST
60005,West Go Wando AVE
60005,West Golf RD
60005,West Greenbriar DR
60005,West Gregory ST
60005,West Grove ST
60005,West Hatherleigh CT
60005,West Haven DR
60005,West Haven ST
60005,West Hawthorne ST
60005,West Heather LN
60005,West Henry ST
60005,West Hiawatha Trail
60005,West Highland ST
60005,West Huntington Commons RD
60005,West Imperial CT
60005,West Isabella ST
60005,West Ivanhoe LN
60005,West Jo LN
60005,West Jody CT
60005,West Johanna TER
60005,West Kathleen DR
60005,West Keating DR
60005,West Kensington RD
60005,West Kim AVE
60005,West Kirchhoff RD
60005,West Lams CT
60005,West Lawrence LN
60005,West Leona TER
60005,West Lincoln RD
60005,West Lincoln ST
60005,West Locust LN
60005,West Lonnquist BLVD
60005,West Lynnwood AVE
60005,West Magnolia ST
60005,West Man-Awa Trail
60005,West Mansard LN
60005,West Maple ST
60005,West Marion RD
60005,West Marion ST
60005,West Mark TER
60005,West Martha LN
60005,West Martin LN
60005,West Maude AVE
60005,West Memory LN
60005,West Milburn AVE
60005,West Millers RD
60005,West Miner ST
60005,West Mulberry LN
60005,West Myrtle DR
60005,West Northwest HWY
60005,West Noyes ST
60005,West Oakton ST
60005,West Olive AVE
60005,West Olive ST
60005,West Orchard PL
60005,West Orchard Palce
60005,West Orchard ST
60005,West Oxford PL
60005,West Park ST
60005,West Partridge LN
60005,West Pendergast LN
60005,West Pendleton PL
60005,West Pickwick RD
60005,West Prospect AVE
60005,West Raleigh PL
60005,West Rand RD
60005,West Robbie LN
60005,West Rockwell ST
60005,West Russell CT
60005,West Rusty DR
60005,West ST James PL
60005,West ST James ST
60005,West Salt Creek LN
60005,West Scott TER
60005,West Seegers RD
60005,West Sha Bonee Trail
60005,West Shabonee Trail
60005,West Sigwalt ST
60005,West South ST
60005,West Stonegate BLVD
60005,West Sullivan CT
60005,West Sunset RD
60005,West Surrey Park LN
60005,West Thayer ST
60005,West Thomas ST
60005,West Thornwood LN
60005,West Verde DR
60005,West Victoria DR
60005,West Victoria LN
60005,West Vine ST
60005,West Watling ST
60005,West White Oak ST
60005,West Whitegate CT
60005,West Whitegate DR
60005,West Wigwam Trail
60005,West Willow LN
60005,West Willow ST
60005,West Wimbolton DR
60005,West Wing ST
60005,Westmere RD
60005,Westwood LN
60005,White Chappel DR
60005,Wildwood RD
60005,William's Way
60005,Williamsburg CT
60005,Willow LN
60005,Wilson AVE
60005,Windsor DR
60005,Wing ST
60005,Winterport on Auburn
60005,Wiscasset on Auburn
60005,Withorn LN
60005,Woodbine RD
60005,Woodcrest LN
60005,Woodland CT
60005,Woodland DR
60005,Woodridge LN
60005,Woods Chapel RD
60005,Wren CT
60005,Wren LN